danceability,energy,key,loudness,mode,speechiness,acousticness,instrumentalness,liveness,valence,tempo,song,artist
-2.5738174109996543,0.2697397501280459,-1.2696659595181332,-0.9888302742983148,-1.199415062114892,0.12278632355211729,1.0190911063067554,-0.2083027190726014,1.359347117114652,1.0872744008265152,2.9186251072830323,What's Going On,Marvin Gaye
0.4566974493337956,-1.4716280417000378,0.41380210127379524,-1.7628810862092812,0.8337397382993762,0.0840578445513962,-0.08838387763841594,-0.2083027190726014,-0.5822648771634047,1.4386754505381825,-0.9119934883588681,Blister In The Sun,Violent Femmes
0.004900509146469712,-1.817340765077672,0.1332240911418072,-1.3505093810249438,-1.199415062114892,-0.6506441835505216,-0.9663828709831263,-0.1542722359594275,0.533129247209096,-0.07813161214129181,-0.20173722047273523,Monkey Gone to Heaven,Pixies
-2.7962405200149534,1.1148152961622633,-0.14735391899018085,0.13683302904271394,0.8337397382993762,-0.34081635154475165,-0.8160890998825507,-0.16202443571044808,-0.8643408218108485,-1.675004736780386,1.5208059828277707,Paranoid Android,Radiohead
-0.23837476633901386,-2.905695634970225,-1.5502439696501211,-2.502777310506898,0.8337397382993762,-0.23488257074866123,2.5211320764348217,-0.2082095360654932,-0.41573033776056606,-0.7008676496050052,-1.7156910650011665,Lean on Me,Bill Withers
0.7972828350134726,-1.1323174057923597,0.41380210127379524,-0.8374715228749445,0.8337397382993762,-0.5116772883126395,-0.5690369880793972,-0.2083027190726014,-0.20272104317553988,0.8648686731609034,-0.30139089625610044,Harlem,Bill Withers
0.3802395056097865,-0.075972973249588,0.41380210127379524,-1.9785942711357,0.8337397382993762,-0.6426706731680202,-0.818779322515616,-0.20308760287646027,-0.7352442796381053,1.2918876702788784,-0.680308741579794,Little Green Bag,George Baker Selection
-0.8083339831907175,-1.7277115404982855,-0.9890879493861451,-1.8045856352950556,0.8337397382993762,-0.6677302772273104,0.7141992078927,-0.20828079365916416,0.29430064418952123,-0.9143771481639927,-1.3760938486260978,Harvest Moon,Bedlam
-1.2323280347511318,-0.5689337084362152,1.5361141418017474,-2.6350813972617684,-1.199415062114892,-0.4558627156351294,-0.5053683857635209,-0.20819074285397557,-0.25435966004463717,-0.2694005379337178,-0.4318506038272822,Across 110th Street,Bobby Womack
-0.6971224286830678,1.2620633079712558,0.9749581215377714,-1.4673540228600872,0.8337397382993762,0.0840578445513962,-0.05699794691932212,5.789863956969604,0.862325429749591,0.21099583382400405,0.49828691348624604,Bustin' Surfboards,The Tornadoes
-0.5650587077052347,-0.4793044838568284,0.9749581215377714,-1.8419759206823016,0.8337397382993762,-0.6745647146980259,-0.3170528014489575,6.4867788840815575,-0.4609141275210261,1.2118216083192581,0.7152812394127662,Surf Rider,The Lively Ones
0.34548589482614595,-1.7917324151978473,1.2555361316697595,-2.9101157080429525,-1.199415062114892,-0.47750510095906185,-0.37534095849870325,-0.19029255803487677,-0.8933875437997155,1.0739300571665784,-1.2872935434726045,Soul Shadows - Edit,The Crusaders
-0.5928615963321471,0.17370843807870298,0.9749581215377714,-1.2839978156726313,0.8337397382993762,-0.5447104027544312,-0.9823762445366988,-0.18810001669115378,-0.11880829076325677,0.24213263569718976,-0.05169028509814908,Orange Crush - Remastered 2013,R.E.M.
-0.39824137594376025,-1.446019691820213,-0.14735391899018085,-0.9830779227002769,0.8337397382993762,-0.5492666944015747,0.6514273464545122,-0.20826121739716663,0.11356548514768071,0.9449347351205238,-1.4178628810501486,The Joker,Steve Miller Band
-1.5590119761173522,-0.03756044842985082,-0.42793192912216893,-0.23635078087999045,-1.199415062114892,-0.4991474862829944,-0.05251424253088013,-0.2083027190726014,2.2565680852152172,-0.8254148570977479,-1.6208976528331986,All the Young Dudes,Mott The Hoople
-0.21057187771210145,1.2940737453210367,1.5361141418017474,-0.32587175262445445,0.8337397382993762,-0.24855144569009216,-0.9003827423852602,-0.10337395476585785,-0.7462174857227885,-0.3049854543602158,0.08545685286113552,Baby Blue - Remastered 2010,Badfinger
-1.413046810826062,-0.11438549806932519,-0.9890879493861451,-0.06018501319008196,0.8337397382993762,-0.46269715310584497,1.9920549585986669,-0.20827907094810838,0.4556713219054501,0.8826611313741525,-0.5657819282666051,Come On Eileen,Dexys Midnight Runners
-0.24532548849574198,0.47460654916664424,-1.5502439696501211,-0.7274577985624705,0.8337397382993762,3.077541456724791,-0.8129505068106414,-0.20827061400292546,-0.910815576993036,0.3533354995299959,0.4393059700633081,Roxanne,The Police
-1.8370408623864758,-1.778928240257935,0.41380210127379524,-0.4017308893235782,0.8337397382993762,-0.6221673607558736,2.9919210372212306,-0.2083027190726014,-0.6816692146364169,0.006382564371640828,1.818670710114243,The Times They Are A-Changin',Bob Dylan
-1.3713424778856933,0.596246211095812,0.6943801114057834,-0.48873520724390046,0.8337397382993762,-0.3442335702801094,0.8038732956615399,-0.206540855492824,-0.538372052824672,0.7136327783482872,1.5297956433494826,Baby Driver,Simon & Garfunkel
0.004900509146469712,-1.074698618562754,1.5361141418017474,-3.7025021406726637,-1.199415062114892,-0.3909355596633321,2.090696455144391,-0.08692989468793536,-0.2156306973928142,1.100618744486452,0.03970459687258671,A Horse with No Name,America
-0.19667043339864526,1.3004758327909929,1.2555361316697595,-0.1058443039995072,-1.199415062114892,0.84495854962439,-0.8438880670908911,0.4267512201271674,3.121514917772596,1.2518546392990682,2.565470313454487,Dirty Harry,Gorillaz
1.144818942849877,0.19931678795852775,0.1332240911418072,0.07283811751454303,0.8337397382993762,1.0158194863922776,-0.9476409866394387,-0.19005764289090646,2.7406801183630036,0.83817998584103,0.6017410961568385,Feel Good Inc.,Gorillaz
-2.066414693558503,1.9726950171363928,-0.42793192912216893,1.9081977992634902,-1.199415062114892,0.2754220937314305,2.2117564736323243,-0.19694848711403587,4.857863409995991,-1.2657781978756597,-0.9624963779564514,Fell In Love With a Girl,The White Stripes
-0.9612498706387358,-0.6969754578353391,-0.14735391899018085,-2.2823903399070735,0.8337397382993762,-0.5230680174304987,-0.6681268550639652,-0.2055855339073447,-0.01553105702506236,-0.10482029946116478,-0.29053752562622914,"Girl, You'll Be A Woman Soon",Urge Overkill
-1.8161886959162916,-0.2872418597581425,-1.5502439696501211,-0.7202673590649235,0.8337397382993762,-0.491173975900493,1.5347171109775841,-0.20782349217890195,1.1979764393987231,-0.1982307050807219,0.8976690266642428,Captain Jack,Billy Joel
-1.2948845341616844,2.01110754195613,1.5361141418017474,1.2829890849517527,0.8337397382993762,0.2754220937314305,-0.9844432322597705,0.17069371319951707,0.5912226911868306,-1.1679196777027905,0.30478995225671923,When You Were Young,The Killers
-0.711023872996524,0.8971443221837525,-0.42793192912216893,1.1499659542471279,0.8337397382993762,-0.5162335799597831,-0.9811342584211004,-0.20829363568703455,-0.05426001967688533,-0.509598723812579,0.32445026673103217,Hypersonic Missiles,Sam Fender
1.6035666051939317,-1.945382514476796,0.6943801114057834,-1.6075675930622595,0.8337397382993762,0.2754220937314305,-0.9008311128241043,-0.1751796837727861,-1.0483033944070075,1.3319207012586887,-0.44200965108352575,Mr. Wendal,Arrested Development
0.7903321128567445,0.7242879604949359,-0.708509939254157,-1.0841035976408167,0.8337397382993762,-0.6233064336676596,-0.9120403737952093,4.356881578750643,-0.8849962685584875,1.6922179800769799,0.17491493805280345,1979 - Remastered 2012,The Smashing Pumpkins
-1.190623701810763,0.3017501874778269,-1.5502439696501211,0.015314601534164625,0.8337397382993762,-0.6346971627855188,2.2924631526242796,-0.2083027190726014,0.0038334243008491275,-0.11816464312110152,-0.9804391556644206,Like a Rolling Stone,Bob Dylan
-0.20362115555537336,1.6397864686986714,-1.5502439696501211,-2.1184483193629946,0.8337397382993762,-0.32373025786796283,-0.4246617067715652,-0.2083027190726014,-0.028440711242336686,0.04196748079813878,0.2958002917350082,Prime Time,Don McLean
-0.09240960104772372,-0.14639593541910617,-0.42793192912216893,-2.911913317917339,-1.199415062114892,-0.4114388720754786,-0.3484387321680514,1.9842386246503985,-0.9960192948270465,0.9671753078870851,-0.3806533908560706,Magic Carpet Ride,Steppenwolf
-1.1628208131838507,-1.4396176043502569,-0.14735391899018085,-1.22827190956664,0.8337397382993762,-0.6962071000219583,-0.24082982684544357,-0.20828525704689962,2.2694777394324914,-0.15374955954759947,-0.790669614651214,Starman - 2012 Remaster,David Bowie
-1.4686525880798869,1.7230136058081011,-0.708509939254157,1.3218174582385083,0.8337397382993762,-0.31461767457367557,-0.9719875014686787,-0.20823451537580204,-0.6287396323455923,0.8782130168208402,-1.3531446339609157,Basket Case,Green Day
-1.1697715353405789,-1.8941658147171465,-0.708509939254157,-1.7585668225107527,0.8337397382993762,-0.616471996196944,2.740833591468479,-0.2083027190726014,-0.5512817070419463,-0.2471599651671566,-1.065767843949774,Homeward Bound,Simon & Garfunkel
-0.0020502130102583904,-0.9914714814533234,-0.9890879493861451,-1.180095964933073,0.8337397382993762,-0.434220330311197,0.8352592263806338,-0.044645168773277524,-0.5641913612592206,1.0605857135066417,-0.8481522813205333,For What It's Worth,Buffalo Springfield
-1.8926466396403008,1.4093113197802483,0.41380210127379524,-0.6314654312702144,0.8337397382993762,-0.5788825901080087,-0.8694451821050105,-0.2083027190726014,-1.0541127388047808,0.9493828496738361,3.0490117281833053,It's The End Of The World As We Know It (And I Feel Fine),R.E.M.
0.08830917502720693,1.1596299084519566,0.9749581215377714,0.6581398926148929,-1.199415062114892,-0.6643130584919527,-0.1825416697956978,-0.2082933224668426,-0.5790374636090861,0.9760715369937095,0.1296012020897035,Losing My Religion,R.E.M.
-0.7040731508397959,-0.42168569662722266,-1.2696659595181332,-1.0441966584294289,-1.199415062114892,-0.6073594129026566,0.5931391894047662,-0.2083027190726014,-0.8720866143412132,0.23768452114387753,-0.3554019460572787,California Dreamin' - Single Version,The Mamas & The Papas
-2.066414693558503,1.6013739438789343,-1.2696659595181332,1.129473201679118,0.8337397382993762,-0.07996865474577625,-0.9805962138944873,-0.2083027190726014,-0.6009838757784525,-1.5638018729475798,0.9473679628818353,Mr. Brightside,The Killers
-0.3287341543764792,-1.3884009045906074,0.1332240911418072,-2.5718055296833517,-1.199415062114892,-0.434220330311197,2.2117564736323243,-0.20810460730118643,-0.7339533142163779,1.0205526825268314,-1.0984741291812046,"Mrs. Robinson - From ""The Graduate"" Soundtrack",Simon & Garfunkel
0.8667900565807536,1.4413217571300292,-0.9890879493861451,0.1184974083239686,0.8337397382993762,-0.4866176842533492,-0.9725703830391762,0.06184969649326819,-1.0463669462744163,1.323024472152064,-0.07664938321330773,Short Skirt / Long Jacket,CAKE
-1.0099049257358326,0.6410608233855053,-0.9890879493861451,0.3266606317779627,0.8337397382993762,-0.6346971627855188,-0.7223796781641133,-0.20826458451423022,-0.8094747913874326,1.5943594599041104,2.077616785142084,Bad Moon Rising,Creedence Clearwater Revival
-1.6910756970951861,0.5706378612159871,-0.42793192912216893,-0.36757630171022865,0.8337397382993762,2.8497268743676076,0.24341024710629128,-0.20819622420733486,-0.8591769601239388,0.29106189578362446,1.8345670610367808,Add It Up,Violent Femmes
-0.24532548849574198,1.6910031684583202,0.9749581215377714,1.2366107501925727,0.8337397382993762,-0.4809223196944196,-0.9048664467737022,-0.2083027190726014,-0.13817277208916826,1.2963357848321906,-1.1195961770736818,Can't Stop,Red Hot Chili Peppers
-0.34263559868993543,1.0892069462824385,0.6943801114057834,0.31587497253164165,0.8337397382993762,-0.32031303913260506,-0.9833267898670485,1.467425307915691,-0.9037152671735351,0.9226941623539626,1.396887532302875,Ava Adore,The Smashing Pumpkins
-0.5164036526081379,-1.0618944436228417,-0.9890879493861451,-0.9356210220164649,0.8337397382993762,-0.6927898812866006,-0.9593882921371567,-0.2044344497018901,-0.844976340484937,0.11313731365113469,0.9147713076567671,Hotel California - 2013 Remaster,Eagles
-1.1628208131838507,1.851055355207225,-1.5502439696501211,0.46579563605550267,-1.199415062114892,0.46906448873503676,0.12683393300679946,-0.20828400416613174,-0.19626621606690273,-0.22491939240059539,-0.32740975109942877,Crosstown Traffic,Jimi Hendrix
-2.2262813031632493,1.6205802062888028,0.9749581215377714,-0.5998274974810065,-1.199415062114892,-0.16539912312972008,-0.9721220126003319,-0.20667397407440719,0.700954752033662,-0.883240346290807,0.7079725723219441,(Don't Fear) The Reaper,Blue Öyster Cult
-2.490408745118917,-0.5753357959061713,0.9749581215377714,0.06672624394162803,-1.199415062114892,-0.6073594129026566,-0.9833985291372636,1.4987473271117338,-0.5732281192113127,-1.581594331160829,-0.17878800580755252,House Of The Rising Sun,The Animals
0.7069234469760073,1.2940737453210367,-1.5502439696501211,-0.7137959635171313,0.8337397382993762,-0.587995173402296,0.6155577113469761,-0.2082622353627905,0.20393306466860098,1.6477368345438574,-0.7064006830940304,Cecilia,Simon & Garfunkel
-0.7040731508397959,1.3837029699004235,0.6943801114057834,1.2484749753635258,0.8337397382993762,-0.6107766316380144,-0.9844835855992665,-0.2083027190726014,4.515757573238222,0.5890855708555444,0.8928453063842997,Holiday,Green Day
-0.6276152071157876,-0.562531620966259,1.5361141418017474,-1.455130275714257,0.8337397382993762,-0.5367368923719297,0.0550946627917277,-0.2083027190726014,0.5137647658831846,1.0338970261867682,-1.5138987666235564,Richard Cory,Simon & Garfunkel
0.62351478109527,-1.3051737674811772,-1.5502439696501211,-2.2550666698163937,0.8337397382993762,-0.6700084230508823,-0.5654500245686436,-0.20805605817143255,-0.01553105702506236,1.3630575031318743,-0.21818172142708603,Have You Ever Seen The Rain,Creedence Clearwater Revival
-1.2392787569078598,-1.5484530913395123,0.41380210127379524,-0.3460049832175869,0.8337397382993762,-0.6563395481094512,-0.16460685224192984,-0.2083027190726014,-0.17690173474099125,0.2866137812303122,-1.0044846703932269,Good Riddance (Time of Your Life),Green Day
-0.5303050969215942,0.8587317973640161,-1.2696659595181332,-0.05694931541618555,-1.199415062114892,-0.5561011318722903,-0.8335755469974745,-0.20819857335877456,0.21038789177723816,1.269647097512317,1.0566690792250868,Message In A Bottle,The Police
-0.3078819879062949,-0.3640669093976169,0.9749581215377714,-0.07528493613493122,0.8337397382993762,-0.6506441835505216,-0.53944453911568,-0.17666747968459814,-0.454459300412389,-0.18043824686747292,0.24887864901192688,Spirit In The Sky,Norman Greenbaum
-0.8291861496609018,0.826721360014235,1.2555361316697595,-0.8079907209350004,0.8337397382993762,-0.15400839401186087,2.3373001965086995,-0.20782740743130146,0.7655030231200336,1.7144585528435412,1.676992198558648,Johnny B. Goode,Chuck Berry
-1.4964554767067992,0.8395255349541475,0.6943801114057834,0.2317468304103383,0.8337397382993762,-0.2895580705143853,-0.9736913091362867,-0.2078571633495377,-0.6726324566843249,-0.0870278412479163,-0.3230245508449351,All Along the Watchtower,Jimi Hendrix
-1.843991584543204,-2.150249313515394,1.2555361316697595,-1.1405485476965629,0.8337397382993762,-0.6255845794912314,1.9382505059373631,-0.2082735112897011,0.38466822371044135,-0.4695656928327688,2.0344591059707766,Mr. Blue Sky,Electric Light Orchestra
-0.2522762106524701,0.2761418375980021,1.2555361316697595,-0.3510382908658698,-1.199415062114892,0.7424419875636572,-0.9598366625760009,-0.2083027190726014,1.4174405610923861,-0.4161883181930219,-0.6614523804854717,Stronger,Kanye West
0.17866856306467227,0.5130190739863814,0.6943801114057834,-0.029985167300383135,0.8337397382993762,1.1183360484530105,0.46311176213994865,-0.2083027190726014,-0.40282068354329176,1.429779221431558,-1.2826525398699322,Homecoming,Kanye West
-3.143776627851358,0.660267085795374,-1.2696659595181332,-1.181174530857705,0.8337397382993762,-0.19729316465972593,0.3779213787595508,5.899491024155754,-0.5829103598742684,-1.5504575292876432,0.8639029847046424,Heroin,The Velvet Underground
0.004900509146469712,0.8715359723039284,-0.42793192912216893,0.22347782498815905,-1.199415062114892,-0.672286568874454,-0.9528869207739158,-0.1886481520270845,-0.15108242630644259,0.34443927042337136,-0.27296018127280064,Island In The Sun,Weezer
-1.1558700910271227,0.8779380597738846,0.6943801114057834,-0.12274183681874323,0.8337397382993762,-0.5082600695772816,-0.9832954039363294,-0.20800281073879928,-0.2737241413705487,-0.8965846899507437,-0.07193529293972754,Holiday,Weezer
0.18561928522140037,-0.21681889758862433,-1.2696659595181332,0.06852385381601481,-1.199415062114892,-0.61761106910873,0.3151495173213629,-0.16186782561446786,-0.41573033776056606,0.6869440910284137,-0.5887676862672422,Short Change Hero,The Heavy
-0.8986933712281828,1.7998386554475756,-1.5502439696501211,-0.07168971638615763,0.8337397382993762,-0.532180600724786,-0.9529765948616846,-0.20823404554551406,3.037602165360313,1.269647097512317,0.42962198616796776,Surrender,Cheap Trick
0.06745700855702264,0.1288938257890096,1.2555361316697595,-0.6275106895465636,-1.199415062114892,0.9474751116851228,-0.8716870342992314,-0.2083027190726014,-0.7655819670487,-0.26050430882709336,1.6758958984950245,Clint Eastwood,Gorillaz
-0.9195455376983671,-2.3871265499037735,-0.42793192912216893,-0.08499202945662011,-1.199415062114892,-0.5948296108730116,2.7632521134106884,-0.2083027190726014,1.352892290006015,0.16651468829088162,0.5587295903273481,Eleanor Rigby,The Beatles
-0.22447332202555767,-0.9594610441035425,-1.5502439696501211,-3.01545564668202,0.8337397382993762,-0.08566401930470584,-0.6927872292003961,-0.1927200145225701,4.548031708781408,1.3586093885785622,-0.4204856265010535,"Folsom Prison Blues - Live at Folsom State Prison, Folsom, CA - January 1968",Johnny Cash
0.09525989718393504,0.1160896508490972,-0.14735391899018085,-0.5318778442291846,0.8337397382993762,-0.6757037876098119,-0.32602021022584143,-0.2080090751426385,1.036605761682794,1.1673404627861355,-0.9527027640547492,Is This It,The Strokes
-1.4686525880798869,-0.9274506067537615,-1.5502439696501211,-1.4590850174379077,0.8337397382993762,-0.7041806104044598,0.18512209005654537,-0.08536379372813323,-0.028440711242336686,0.7358733511148484,-1.5676540130765562,Ohio,"Crosby, Stills, Nash & Young"
-0.6762702622128836,1.5757655939991093,0.6943801114057834,0.8181271714353203,0.8337397382993762,-0.5822998088433664,-0.972973916434136,-0.20665831306480917,-0.4609141275210261,0.8337318712877178,-0.034880350789257,Buddy Holly,Weezer
-1.0168556478925606,-0.876233906994112,0.41380210127379524,-1.384304446663416,0.8337397382993762,-0.6426706731680202,-0.8048798389114458,-0.20828799772357925,-0.047805192568248174,1.122859317253013,0.19530611923619803,Out Of Time - Strings Version,The Rolling Stones
0.15781639659448796,0.18651261301861535,0.6943801114057834,0.3834651038085861,-1.199415062114892,-0.6563395481094512,-0.5954908439712049,-0.20292316227568105,-0.917270404101673,1.194029150106009,-1.0718705809706108,Rhinestone Eyes,Gorillaz
-1.1280672024002103,-0.5817378833761275,0.41380210127379524,-1.467713544834965,0.8337397382993762,-0.5720481526372931,-0.15563944346504582,-0.2083027190726014,1.4045309068751122,1.4431235650914946,1.0405169249543686,Brown Eyed Girl,Van Morrison
0.004900509146469712,0.6346587359155491,0.41380210127379524,0.14294490261562925,-1.199415062114892,-0.6927898812866006,-0.9299751913489772,-0.2083027190726014,-0.2156306973928142,0.4156091032763673,-0.5138903919217652,Female of the Species,Space
0.5192539487443485,1.012381896642964,0.41380210127379524,0.019628865232693166,0.8337397382993762,2.0409851069996052,0.4810465796937166,-0.2083027190726014,2.0371039635215538,1.0739300571665784,-0.9881863427806926,Rapp Snitch Knishes feat. Mr. Fantastik,MF DOOM
-0.9612498706387358,-0.7673984200048566,0.41380210127379524,-1.7021218724550065,0.8337397382993762,-0.10730640462863829,-0.7708036855592867,-0.2083027190726014,0.19747823755996383,-0.33167414168008924,-1.5328647577242411,Ziggy Stardust - 2012 Remaster,David Bowie
0.33853517266941785,-0.03756044842985082,0.9749581215377714,-0.8468190942217559,0.8337397382993762,1.4372764637530675,1.3374341178861364,-0.2083027190726014,-0.8365850652437087,-0.10037218490785253,-0.22033777821887857,Sympathy For The Devil - 50th Anniversary Edition,The Rolling Stones
-2.3861479127679956,-1.7341136279682416,-1.5502439696501211,-2.4384228770038496,0.8337397382993762,-0.6290017982265892,-0.6596078167259254,-0.2075768312777331,-0.3189079311310086,-0.5229430674725155,0.4526808308395128,Space Oddity - 2015 Remaster,David Bowie
-1.343539589258781,-2.2270743631548684,0.41380210127379524,-1.3724402214924631,0.8337397382993762,-0.5253461632540705,-0.3484387321680514,-0.2082236309741314,-0.9263071620537652,-1.1679196777027905,1.1123245791217,Five Years - 2012 Remaster,David Bowie
-0.16191682261500476,-0.4408919590370912,-1.5502439696501211,-0.7439958094068297,0.8337397382993762,-0.5287633819894283,1.1849881686791088,-0.2075752651767733,0.7074095791422991,-1.4125659781349635,-0.24906083988581112,Pursuit Of Happiness (Nightmare),Kid Cudi
0.12306278581084745,0.3337606248276079,0.41380210127379524,-0.64980105198896,0.8337397382993762,-0.6905117354630287,0.75903625177712,6.698202513654847,-0.3124531040223715,-0.011409893841608149,-0.7341736180391562,Mr. Rager,Kid Cudi
0.19952072953485658,1.4477238445999854,0.9749581215377714,0.6664088980370725,0.8337397382993762,-0.004789842567905497,-0.588765287388542,0.28501908326507347,-0.7739732422899283,1.5721188871375498,-0.7809856307558741,Looking Out for You,Joy Again
-1.3643917557289653,-0.3576648219276607,0.1332240911418072,0.0717595515899109,0.8337397382993762,-0.6631739855801667,-0.9800133323239899,-0.18817832173914387,-0.7778461385551105,-0.020306122948232638,-1.531476110976985,Undone - The Sweater Song,Weezer
0.20647145169158468,0.5898441236258558,-0.14735391899018085,-0.6656200188835643,-1.199415062114892,-0.533319673636572,1.4988474758700483,-0.18120917246802432,-0.6900604898776452,-0.06923538303466732,-0.10606676825386863,Come As You Are,Nirvana
-0.05765599026408321,0.7755046602545855,0.41380210127379524,-1.8743328984212646,0.8337397382993762,-0.4000481429576195,0.5707206674625562,-0.17784205540444972,-0.5448268799333092,-0.2160231632939709,-0.3663649466935129,Everybody Wants To Rule The World,Tears For Fears
-1.9274002504239411,0.28254392506795833,0.41380210127379524,0.0652881560421184,0.8337397382993762,1.801779795524562,-0.5385477982379917,-0.18230544313988584,2.869776660535747,0.13982600097100814,-1.1320209111280801,One Beer,MF DOOM
0.018801953459925917,0.5834420361558996,0.9749581215377714,-0.5192945751084768,0.8337397382993762,2.621912292010424,2.193821656078556,-0.1433095292408125,-0.8391669960871635,1.1673404627861355,-1.6986618706795502,Apeman - Mono Mix,The Kinks
-0.3217834322197511,-1.6828969282085924,-1.2696659595181332,-0.24605787420167932,0.8337397382993762,-0.5287633819894283,1.7185489909037055,-0.2030484503524652,-0.5512817070419463,-0.7631412533513767,-1.3576760075572254,No Children,The Mountain Goats
-1.5381598096471678,1.3004758327909929,1.5361141418017474,0.4557290207589366,-1.199415062114892,-0.2701938310140246,-0.9697904863183421,6.431965350488482,-0.9321165064515385,0.2154439483773163,-1.6299238566903644,Bad Voodoo,Kreeps
-0.8152847053474456,0.141698000728922,-0.42793192912216893,0.02286456300658957,-1.199415062114892,-0.5845779546669383,-0.3843083672755872,-0.20827789637238853,0.6364064809472904,0.44229779059624075,-0.17955541585208892,Time of the Season,The Zombies
-0.8361368718176299,1.4797342819497665,-0.9890879493861451,0.5794045801167502,0.8337397382993762,-0.14147859198221588,-0.945847504884062,4.317729054755589,-0.7655819670487,-0.43398077640627086,-0.48209769007668707,Purple Haze,Jimi Hendrix
-1.5937655869009926,-0.7609963325349004,0.9749581215377714,0.5146906246388243,0.8337397382993762,-0.5355978194601437,-0.9777714801297689,-0.018021452456641104,1.7660012249587929,-1.216848937789225,0.005098058197541978,2000 Man - Remastered 2017 / Stereo,The Rolling Stones
0.20647145169158468,-0.2808397722881863,1.5361141418017474,-0.7055269580949514,0.8337397382993762,-0.6631739855801667,0.6424599376776281,-0.20146668838306506,0.8106868128804937,-0.4562213491728321,-0.717546400407535,Solsbury Hill,Peter Gabriel
-0.28007909927938246,-2.3487140250840364,-0.9890879493861451,-3.776204145522524,0.8337397382993762,-0.5287633819894283,0.7500688430002359,-0.20826732519090987,-0.6545589407801409,0.9137979332473382,-0.17495095558487056,Eve Of Destruction,Barry McGuire
0.12306278581084745,0.23772931277826495,-0.9890879493861451,-0.3348598019963884,0.8337397382993762,-0.4558627156351294,0.9069984965957054,-0.2083027190726014,-0.5448268799333092,-0.5229430674725155,-0.3027064563324486,Under Pressure - Remastered 2011,Queen
-0.8222354275041737,-0.15279802288906236,1.2555361316697595,0.19903033069649806,0.8337397382993762,-0.3692931743393996,0.7141992078927,-0.2083027190726014,-0.3124531040223715,0.11758542820444694,-0.1792265258330019,Killer Queen - Remastered 2011,Queen
-1.121116480243482,0.007254163859842558,0.1332240911418072,0.5125334927895601,0.8337397382993762,-0.5572402047840762,1.1087651940755952,-0.2083027190726014,-0.29954344980509734,-0.4695656928327688,2.98436656776498,Last Night,Morgan Wallen
0.3732887834530584,0.045666688679579744,-1.5502439696501211,0.9191528463758597,0.8337397382993762,-0.23943886239580486,-0.70175463797728,-0.2082623919728865,-1.008283466333457,0.2777175521236877,-0.14958988077971683,Flowers,Miley Cyrus
0.40804239423669886,-0.45369613397700365,0.6943801114057834,0.489524086397409,0.8337397382993762,-0.7019024645808879,-0.15115573907660385,-0.2083027190726014,-0.4738237817383004,0.38447230140318156,-0.8806393065392394,Fast Car,Luke Combs
1.0266566661854999,0.8459276224241037,1.5361141418017474,0.6024139865089012,0.8337397382993762,-0.5663527880783635,0.727650321058026,-0.20306411136206323,-0.4802786088469376,0.9716234224403973,-0.5515665707749555,Calm Down (with Selena Gomez),Rema
1.2212768865738861,-1.5228447414596875,-0.708509939254157,-0.47579241614831547,0.8337397382993762,2.7244288540711565,-0.31256909706051544,-0.2083027190726014,-0.6003383930675887,0.4867789361293627,0.7651628923076303,All My Life (feat. J. Cole),Lil Durk
1.1309174985364208,-1.9645887768866648,-0.9890879493861451,-0.8888831652824073,0.8337397382993762,-0.3305646953386784,0.42275842264397073,-0.2083027190726014,-0.5790374636090861,-0.7586931387980644,-0.22136099161159395,Favorite Song,Toosii
-0.06460671242081131,0.3465647997675203,0.6943801114057834,0.406834032175615,0.8337397382993762,-0.6005249754319412,-0.7416596070344137,1.115052591960209,-0.17690173474099125,-0.6830751913917563,-1.209565868961707,Kill Bill,SZA
0.4288945607068832,-0.34486064698774826,-1.2696659595181332,0.315155928581887,-1.199415062114892,-0.44902827816441393,0.8845799746534955,-0.2083027190726014,-0.6855421109015992,-1.8306887461463144,-0.8822472132992202,Creepin' (with The Weeknd & 21 Savage),Metro Boomin
-0.26617765496592627,-0.37046899686757306,0.6943801114057834,0.12892354559541214,0.8337397382993762,-0.29183621633795714,-0.7057899719268779,-0.2083027190726014,2.52121599666934,-2.269272841102901,-1.1736072268748599,Karma (feat. Ice Spice),Taylor Swift
0.10221061934066314,0.5386274238662062,-0.14735391899018085,0.6131996457552222,-1.199415062114892,-0.6221673607558736,1.1805044642906668,-0.2081547225319001,-0.6758598702386435,1.1139630881463887,0.9463447494891205,Ella Baila Sola,Eslabon Armado
0.21342217384831277,-0.42808778409717885,1.5361141418017474,-0.44774970210788123,-1.199415062114892,0.13873334431712028,-0.8654098481554127,-0.20589875409930514,0.016743078518123452,-0.3806034017665239,-1.5016202059109747,Sure Thing,Miguel
-0.10631104536117993,-0.2552314224083615,-0.42793192912216893,0.10771174907764756,0.8337397382993762,-0.4797832467826338,-0.38879207166402924,-0.2082930875516986,-0.2349951787187257,-0.2871929961469668,-0.9186809187469704,Anti-Hero,Taylor Swift
-0.8500383161310862,-0.9530589566335863,-1.2696659595181332,0.13719255101759142,-1.199415062114892,-0.236021643660447,0.0550946627917277,-0.2083027190726014,1.6304498556774125,-0.3628109435532749,-2.0169177791494164,Die For You - Remix,The Weeknd
-1.976055305521038,-3.084954084128998,-0.42793192912216893,-1.8944661290143967,-1.199415062114892,-0.5447104027544312,1.5033311802584903,-0.20823733435752964,-0.6003383930675887,-1.937443495425808,1.9411639705564274,Something in the Orange,Zach Bryan
-0.6554180957426993,-0.7866046824147251,-0.14735391899018085,-0.12561801261776215,0.8337397382993762,0.5032366760886143,-0.3529224365564934,-0.2083027190726014,-0.5060979172814862,-0.8521035444176213,0.7643223955921858,Snooze,SZA
1.103114609909509,-1.2475549802515713,-0.9890879493861451,0.43271961436678524,-1.199415062114892,2.792773228778312,-0.030095720588670164,-0.2082932441617946,-0.7281439698186044,-0.10926841401447702,1.747849726004172,La Bebe - Remix,Yng Lvcas
-0.009000935166986492,0.8075150976043665,0.9749581215377714,1.0291665706883333,-1.199415062114892,-0.3009487996322444,-0.3439550277796094,4.717084799505137,-0.49318826306421193,-1.5549056438409554,0.7997694309826751,WHERE SHE GOES,Bad Bunny
-0.585910874175419,0.3209564498876955,0.1332240911418072,1.0086738181203236,-1.199415062114892,-0.46041900728227314,0.037159845237959725,-0.2083027190726014,0.526674420100459,-0.0959240703545403,-1.4242579647546185,un x100to,Grupo Frontera
-1.037707814362745,0.6218545609756367,0.1332240911418072,0.952947912014332,0.8337397382993762,-0.6369753086090906,-0.9299751913489772,-0.2081547225319001,-0.7126523847578753,-0.127060872227726,1.3116319306884305,Need A Favor,Jelly Roll
1.1378682206931487,-1.4972363915798628,1.2555361316697595,-0.5753800031893452,-1.199415062114892,-0.16426005021793413,-0.7147573807037618,-0.20829159975578682,0.9139640466186884,-0.1759901323141607,0.7283637535053388,Search & Rescue,Drake
0.5401061152145328,1.1276194711021756,0.9749581215377714,0.7077539251479692,0.8337397382993762,-0.61761106910873,0.14476875056056743,-0.2083027190726014,2.6890415014939064,0.26882132301706324,-0.08721040715954632,You Proof,Morgan Wallen
0.018801953459925917,0.53222533639625,-0.708509939254157,0.3978459828036807,-1.199415062114892,-0.6495051106387356,1.2208578037866447,-0.2083027190726014,-0.4609141275210261,-0.6875233059450685,0.6533402858180456,Thinkin’ Bout Me,Morgan Wallen
-1.0794121473031135,1.4285175821901168,-0.9890879493861451,0.7099110569972334,0.8337397382993762,-0.48775675716513517,-0.9790269173585326,-0.2083027190726014,-0.454459300412389,-0.936617720930554,1.7471188592950895,Chemical,Post Malone
0.8111842793269288,-0.0823750607195442,-0.9890879493861451,-0.4736352842990512,0.8337397382993762,-0.61761106910873,1.9382505059373631,-0.2083027190726014,1.2560698833764576,1.5988075744574228,-0.07452986975696946,Cupid,FIFTY FIFTY
-0.49555148613795363,-0.6777691954254705,-1.2696659595181332,-0.15042502888430032,0.8337397382993762,-0.6870945167276711,1.6019726768042135,-0.2083027190726014,-0.538372052824672,-0.8432073153109968,-0.003708885646899147,Rock and A Hard Place,Bailey Zimmerman
0.8598393344240255,-0.9466568691636301,-0.9890879493861451,0.23749918200837616,0.8337397382993762,-0.26563753936688095,0.36895396998266683,-0.2083027190726014,-0.538372052824672,-0.865447888077558,-0.5489354506222592,Eyes Closed,Ed Sheeran
0.2968308397290492,0.8651338848339722,-0.14735391899018085,-0.49340899291730617,0.8337397382993762,-0.4308031115758392,0.14476875056056743,-0.20730041445832803,0.38466822371044135,1.2162697228725703,0.39720804762016987,Boy's a Liar Pt. 2,PinkPantheress
-0.6693195400561555,-0.4921086587967408,-0.14735391899018085,-0.5085089158621554,0.8337397382993762,-0.4535845698115576,1.9113482796067112,-0.2083027190726014,-0.5874287388503144,-0.7542450242447521,-1.5920649611599036,Next Thing You Know,Jordan Davis
1.3602913297084482,-0.38327317180748544,-1.2696659595181332,-0.1586940343064799,0.8337397382993762,2.6105215628925644,-0.8586842915727496,-0.2083027190726014,-0.826902824580753,-0.4962543801526423,-0.3920914548532079,Put It On Da Floor Again (feat. Cardi B),Latto
-0.8639397604445423,0.13529591325896578,0.1332240911418072,0.25439671482761217,0.8337397382993762,-0.6836772979923132,1.2029229862328767,-0.20820562081309368,-0.29954344980509734,-0.309433568913528,0.6541442391980358,Thought You Should Know,Morgan Wallen
-0.6415166514292431,1.8638595301471375,0.41380210127379524,1.1535611739959015,-1.199415062114892,-0.6096375587262285,-0.967952167519081,-0.2082473574036724,1.1786119580728116,-1.2435376251090986,0.21734175051502772,I'm Good (Blue),David Guetta
0.12306278581084745,1.0956090337523947,1.5361141418017474,0.7016420515750542,-1.199415062114892,-0.4535845698115576,-0.8923120744860646,-0.2083027190726014,0.9075092195100511,0.8515243295009667,-0.43985359429173315,Dance The Night (From Barbie The Album),Dua Lipa
1.1795725536335175,-1.8301449400175847,-1.2696659595181332,-1.4328399132718608,0.8337397382993762,4.5925084294000635,-0.9012794832629486,-0.2083027190726014,-0.6506860445149586,-0.3405703707867137,1.186799896777181,Area Codes,Kaliii
0.011851231303197814,1.2492591330313434,0.41380210127379524,0.7458632544849698,0.8337397382993762,-0.27930641430831205,-0.9668312414219704,-0.2083027190726014,-0.5448268799333092,-0.18933447597409742,-0.2597680371738664,Dancin’ In The Country,Tyler Hubbard
-0.28007909927938246,1.5373530691793722,0.41380210127379524,0.6214686511774019,0.8337397382993762,-0.658617693933023,-0.9617198184191466,-0.2082854136569956,0.4621261490140873,1.4787084815179927,0.7266827600744499,One Thing At A Time,Morgan Wallen
-0.05765599026408321,0.8075150976043665,0.1332240911418072,0.93820751104436,0.8337397382993762,-0.5868561004905102,-0.9003827423852602,-0.20821501741885248,-0.6623047333105054,-0.9277214918239295,-0.11385049870559438,Memory Lane,Old Dominion
1.3950449404920886,-0.03756044842985082,-0.14735391899018085,-0.3474430711170962,-1.199415062114892,-0.46953159057656046,0.19857320322187133,-0.2078634277533769,-0.4609141275210261,0.9849677661003341,0.397354220961987,"Peso Pluma: Bzrp Music Sessions, Vol. 55",Bizarrap
-1.8995973617970288,-1.1899361930219656,0.9749581215377714,0.0879380404593926,0.8337397382993762,-0.6700084230508823,-0.42017800238312314,-0.20824610452290454,-0.4738237817383004,-1.4036697490283392,1.2402262532110941,Tennessee Orange,Megan Moroney
-0.7040731508397959,0.18011052554865917,0.9749581215377714,0.4222934770953417,0.8337397382993762,0.788004904035094,-0.46053134187910105,-0.20814141067374178,-0.538372052824672,-0.0870278412479163,1.7504808461568682,Cruel Summer,Taylor Swift
0.9223958338345785,1.1468257335120442,-0.14735391899018085,0.6926540022031199,-1.199415062114892,-0.32942562242689244,0.23892654271784927,-0.2083027190726014,-0.531917225716035,1.6877698655236677,0.11016014762811571,TQM,Fuerza Regida
0.7138741691327354,-0.5881399708460837,1.5361141418017474,-0.30358139018205776,0.8337397382993762,-0.6096375587262285,-0.719689455531048,-0.2083027190726014,-0.17690173474099125,0.0953448554378857,0.4376980633033268,Stand By Me (feat. Morgan Wallen),Lil Durk
-0.5789601520186909,-0.024756273489938425,-1.2696659595181332,0.13036163349492144,0.8337397382993762,-0.6882335896394569,0.9249333141494734,-0.2083027190726014,-0.5190075714987605,0.04196748079813878,0.6881660845058151,Religiously,Bailey Zimmerman
0.27597867325886494,-0.5049128337366532,0.6943801114057834,-0.2503721379002079,0.8337397382993762,-0.6460878919033779,-0.550653800086785,-0.2083027190726014,-0.4867334359555748,0.2777175521236877,-0.36808248345985606,Dial Drunk,Noah Kahan
0.5540075595279891,0.1032854759091848,0.9749581215377714,0.4862883886235126,-1.199415062114892,-0.5139554341362113,-0.7004095266607474,-0.20829347907693857,-0.538372052824672,-1.216848937789225,-0.18638901958200788,Under The Influence,Chris Brown
2.090117156164898,-1.010677743863192,0.1332240911418072,0.3827460598588315,0.8337397382993762,0.8221770913886716,-0.8506136236735541,-0.20824367706641686,-0.8908056129562608,0.17985903195081834,-0.6245801550122722,Players,Coi Leray
-0.15496610045827663,-0.8890380819340243,-1.5502439696501211,-0.343128807418568,0.8337397382993762,-0.041240175745055,1.095314080910269,-0.2083027190726014,-0.4738237817383004,-1.6171792475873268,0.6590410461488875,"Calling (Spider-Man: Across the Spider-Verse) (Metro Boomin & Swae Lee, NAV, feat. A Boogie Wit da Hoodie)",Metro Boomin
-0.2939805435928387,-1.2219466303717466,1.5361141418017474,0.23929679188276293,-1.199415062114892,-0.3738494659865433,-0.025612016200228172,-0.2083027190726014,-0.41573033776056606,-1.6883490804403227,0.8730388185681707,"Annihilate (Spider-Man: Across the Spider-Verse) (Metro Boomin & Swae Lee, Lil Wayne, Offset)",Metro Boomin
-0.2522762106524701,-0.5433253585563904,0.41380210127379524,0.3248630219035759,0.8337397382993762,-0.6073594129026566,-0.8649614777165685,-0.2083027190726014,1.2237957478332717,-0.07813161214129181,-1.0634656138161647,Take Two,BTS
-0.843087593974358,-1.1835341055520094,-0.42793192912216893,-0.19320814389470664,0.8337397382993762,-0.6460878919033779,-0.3170528014489575,-0.2083027190726014,0.3136651255154326,-1.1723677922561027,0.6473471788035706,Love You Anyway,Luke Combs
0.5887611703116296,-1.4012050795305198,-0.708509939254157,-0.6663390628333186,0.8337397382993762,-0.5993859025201552,2.131049794640368,-0.2083027190726014,-0.5254623986073977,-0.6341459313053216,-0.8093432590682659,Thank God,Kane Brown
-0.3773892094735759,-0.9466568691636301,0.9749581215377714,-0.3345002800215112,-1.199415062114892,-0.5617964964312199,-0.8021896162783806,-0.18825662678713398,0.1329299664735922,-1.9997170991721793,-1.1721089501212414,"Am I Dreaming (Metro Boomin & A$AP Rocky, Roisee)",Metro Boomin
1.7008767153881252,0.013656251329798755,0.9749581215377714,0.6060092062576752,0.8337397382993762,1.1297267775708697,-0.3574061409449353,-0.2083027190726014,-0.5641913612592206,0.7047365492416626,0.9464178361600291,Princess Diana (with Nicki Minaj),Ice Spice
0.8945929452076661,0.8843401472438408,-1.5502439696501211,0.09656656785644904,0.8337397382993762,-0.46611437184120275,1.5571356329197936,-0.20477899191304658,-0.5641913612592206,0.5179157380025484,-0.0010777654942029395,Bye,Peso Pluma
0.8459378901105693,-2.406332812313642,0.9749581215377714,-0.8878045993577758,0.8337397382993762,-0.4114388720754786,-0.03906312936555415,-0.2064782114544319,-0.3640917208914688,-2.3858134423996815,-0.0731412230097133,Self Love (Spider-Man: Across the Spider-Verse) (Metro Boomin & Coi Leray),Metro Boomin
-0.9542991484820077,0.500214899046469,0.41380210127379524,0.6441185355946758,0.8337397382993762,-0.6210282878440877,-0.9614507961558401,-0.2080067259911988,0.40403270503635286,-0.45177323461951985,-0.6243608949995474,It Matters To Her,Scotty McCreery
-1.0099049257358326,-1.5612572662794246,-0.9890879493861451,-0.9323853242425686,-1.199415062114892,-0.6187501420205158,2.7363498870800367,-0.20484946645623767,-0.615829978128318,-1.1545753340428537,0.292255588195959,Daylight,David Kushner
0.9084943895211223,0.9739693718232268,0.41380210127379524,0.19471606699796984,-1.199415062114892,-0.3875183409279743,-0.5524472818421619,-0.20774753628235154,-0.4221851648692032,1.376401846791811,0.5841637518034104,PRC,Peso Pluma
1.0683609991258687,-0.5049128337366532,-1.5502439696501211,-0.11087761164779039,0.8337397382993762,-0.630140871138375,0.40482360509020276,-0.20811165475550553,-0.7416991067467424,-0.8521035444176213,-1.081737281543221,Por las Noches,Peso Pluma
-0.39824137594376025,-0.14639593541910617,0.9749581215377714,0.818846215385075,0.8337397382993762,-0.6233064336676596,-0.5497570592090966,-0.2083027190726014,0.5847678640781934,-1.4614952382213984,-1.7589583741788357,Mourning,Post Malone
0.5401061152145328,0.44899819928681944,-1.2696659595181332,0.3996435926780678,-1.199415062114892,0.9816472990387001,-0.496400976986637,-0.2083027190726014,-0.4221851648692032,0.638014830941979,1.8186341667787886,What It Is (Block Boy) (with Kodak Black),Doechii
-0.6623688178994274,-0.7353879826550755,0.1332240911418072,-0.8414262645985953,0.8337397382993762,0.09203135493389754,0.678329572785164,-0.2082440685916568,-0.5125527443901234,0.16206657373756939,-1.5908955744253717,See You Again (feat. Kali Uchis),"Tyler, The Creator"
1.290784108141167,-0.15279802288906236,-0.42793192912216893,1.2589011126349694,-1.199415062114892,1.4144950055173493,2.0010223673755507,-0.2083027190726014,-0.40282068354329176,0.5179157380025484,-1.1722185801276037,TQG,KAROL G
-0.6623688178994274,-0.16560219782897476,0.9749581215377714,-0.07168971638615763,-1.199415062114892,-0.3738494659865433,0.02819243646107574,-0.20824195435536108,-0.5796829463199499,1.158444233679511,0.7960420107663554,El Azul,Junior H
-1.9274002504239411,1.0315881590528326,-0.9890879493861451,0.38022940603469,-1.199415062114892,-0.2542468102490218,-0.9322170435431982,-0.20827366789979707,1.8240946689365274,-0.3227779125734647,1.3877882417748002,Bury Me in Georgia,Kane Brown
0.5262046709010766,0.5706378612159871,1.2555361316697595,0.8896720444359159,0.8337397382993762,-0.5868561004905102,-0.8371625105082281,-0.20829488856780237,0.023197905626760613,1.247406524745756,0.14286643285954637,Waffle House,Jonas Brothers
-0.6832209843696117,1.3196820952008614,-1.5502439696501211,0.9098052750290483,-1.199415062114892,-0.3909355596633321,-0.6250832929349222,-0.2083027190726014,-0.09298898232870831,-0.7186601078182542,0.8033506778571775,"You, Me, And Whiskey",Justin Moore
-0.09936032320445182,0.25053348771817735,-0.14735391899018085,0.903693401456133,-1.199415062114892,-0.616471996196944,-0.7434530887897906,-0.2083027190726014,-0.5577365341505836,0.5935336854088565,-1.3152857384304548,Your Heart Or Mine,Jon Pardi
1.3463898853949918,2.01110754195613,0.9749581215377714,2.2882125267088647,0.8337397382993762,0.17290553167069772,0.28376358660226897,-0.20092638355193332,1.0107864532482453,0.5134676234492361,-0.25710037368571587,PLEBADA,El Alfa
-0.20362115555537336,0.5898441236258558,0.6943801114057834,1.1061042733120894,0.8337397382993762,-0.5914123921376537,-0.09286758202685794,-0.2082352201212339,-0.20917587028417706,-0.9499620645904907,1.8267102439141476,Cowgirls (feat. ERNEST),Morgan Wallen
-0.48165004182449744,-1.4140092544704321,0.6943801114057834,0.0717595515899109,0.8337397382993762,-0.24741237277830622,2.3911046491700034,-0.2083027190726014,-0.4996430901728491,-1.1367828758296046,0.10307074055001778,ICU,Coco Jones
-0.3565370430033916,1.5117447192995475,0.41380210127379524,1.2502725852379126,0.8337397382993762,-0.6495051106387356,-0.9794752877973768,-0.20694021123757353,-0.4415496461951147,-1.581594331160829,0.2138335903114333,Baby Don't Hurt Me,David Guetta
1.3811434961786324,0.007254163859842558,-1.2696659595181332,0.21952308326450798,0.8337397382993762,1.2436340687494616,-0.6927872292003961,-0.2080098581931184,1.1076088598778029,1.0961706299331397,-0.8434381910469527,Popular (with Playboi Carti & Madonna) - The Idol Vol. 1 (Music from the HBO Original Series),The Weeknd
1.9789056016572484,-0.43448987156713503,0.1332240911418072,0.17458283640483738,-1.199415062114892,3.7723759329142017,-0.46053134187910105,-0.2083027190726014,2.1920198141288454,0.5446044253224219,-0.03597665085288042,SLUT ME OUT,NLE Choppa
1.7912361034255906,-0.8826359944640682,-0.42793192912216893,-0.3603858622126815,-1.199415062114892,2.2118460437674923,-0.9449059269624891,-0.2082735112897011,-0.4996430901728491,0.0019344498183285833,0.8741716619672484,Peaches & Eggplants (feat. 21 Savage),Young Nudy
0.9084943895211223,0.16730635060874677,-1.2696659595181332,0.5725736625940803,0.8337397382993762,-0.5492666944015747,-0.9349072661762635,-0.20816490218813882,-0.16399208052371692,-1.6883490804403227,0.14334149622045,AMERICA HAS A PROBLEM (feat. Kendrick Lamar),Beyoncé
-0.13411393398809235,-0.8698318195241557,-1.5502439696501211,-0.8381905668246988,0.8337397382993762,-0.31347860166188957,-0.7546623497608955,-0.2083027190726014,-0.577101015476495,-1.919651037212559,1.6786731919895368,Fight The Feeling,Rod Wave
-0.08545887889099561,0.826721360014235,0.1332240911418072,0.3956888509544168,-1.199415062114892,-0.6745647146980259,-0.9747225611456284,-0.2082724933240772,1.11406368698644,0.38892041595649385,-0.0367806042328711,Ain’t That Some,Morgan Wallen
0.9015436673643942,0.6026482985657682,1.5361141418017474,-0.5714252614656945,-1.199415062114892,0.788004904035094,-0.9762470206376985,-0.2083027190726014,-0.11235346365461961,-1.4081178635816514,0.7666246257257945,SHAKE SUMN,DaBaby
1.3811434961786324,0.007254163859842558,-0.9890879493861451,0.4111482958741432,0.8337397382993762,-0.5868561004905102,0.7949058868846559,-0.18348001885973744,-0.6319670458999108,-0.2471599651671566,0.36223607559058435,Chanel,Becky G
-0.5581079855485066,-1.6124739660390741,1.2555361316697595,-0.26583158281993463,-1.199415062114892,-0.22804813327794568,1.4853963627047222,-0.20820013945973437,-0.5577365341505836,0.4867789361293627,0.08275264603753127,People,Libianca
1.0405581104989563,-0.15920011035901857,0.9749581215377714,0.9302980275970582,-1.199415062114892,1.4258857346352083,-0.487433568209753,-0.2083027190726014,-0.4996430901728491,-1.9952689846188671,-1.3541313040181762,bread & butter,Gunna
-0.12021248967463613,1.3708987949605111,0.6943801114057834,1.0759044274223908,0.8337397382993762,0.0760843341688947,-0.9778611542175377,-0.2066113300360151,-0.26726931426191153,-1.4837358109879595,-0.0022106088932806463,TRUSTFALL,P!nk
-0.3356848765332073,0.3337606248276079,0.1332240911418072,0.8508436711491606,0.8337397382993762,-0.6483660377269498,0.6514273464545122,-0.2083027190726014,-0.49318826306421193,-0.8476554298643091,1.0168368435801038,Frágil,Yahritza Y Su Esencia
0.13001350796757555,0.6922775231451549,-0.14735391899018085,0.1375520729924689,0.8337397382993762,-0.5207898716069268,-0.32153650583739946,-0.20826568078490207,0.6944999249250248,-1.532665071074394,-0.5871232361718071,Hits Different,Taylor Swift
-1.0933135916165697,-0.5177170086765656,-0.42793192912216893,0.6211091292025244,0.8337397382993762,-0.6757037876098119,-0.7717004264369751,-0.2083027190726014,-0.629385115056456,-1.808448173379753,-1.1348347479580467,Jaded,Miley Cyrus
-0.11326176751790804,-0.2552314224083615,-0.9890879493861451,-0.44739018013300347,0.8337397382993762,3.852111036739216,-0.20496019173790775,-0.2083027190726014,-0.25435966004463717,-0.4161883181930219,2.044398893214296,Pound Town 2 (feat. Nicki Minaj & Tay Keith),Sexyy Red
2.145722933418723,-0.35126273445770445,1.2555361316697595,0.47442416345255944,-1.199415062114892,3.612905725264173,-0.8264016199759674,-0.2083027190726014,-0.6803782492146895,-1.9107548081059345,0.21434519700779073,Low Down,Lil Baby
1.686975271074669,-0.59454205831604,1.5361141418017474,0.21161359981720587,0.8337397382993762,1.7562168790531252,-0.8353690287528514,-0.2083027190726014,-0.608729668308817,-0.1759901323141607,0.4335686663970121,Ocean Spray,Moneybagg Yo
0.06050628640029453,0.6154524735056806,-1.5502439696501211,0.7171014964947809,0.8337397382993762,-0.5822998088433664,-0.5928006213381397,-0.2083027190726014,1.0430605887914313,0.8248356421810933,0.3641363290341979,TRUCK BED,HARDY
-0.09936032320445182,0.3145543624177393,0.41380210127379524,0.15085438606293136,-1.199415062114892,-0.3943527783986899,1.3060481871670426,-0.2083027190726014,-0.13817277208916826,1.3096801284921273,0.540092489245751,Moonlight,Kali Uchis
-0.5720094298619628,-0.7994088573546375,-1.2696659595181332,-0.17918678687448952,-1.199415062114892,3.601514996146314,-0.1780579654072558,-0.2083027190726014,-0.1317179449805311,-0.6074572439854481,-0.09484796426945598,Trance (with Travis Scott & Young Thug),Metro Boomin
0.8389871679538412,-0.7994088573546375,0.9749581215377714,-0.14934646295966816,-1.199415062114892,0.7538327166815164,-0.18702537418413978,-0.19647865682609522,0.20393306466860098,-1.3502923743885922,0.4722680586429172,"All The Way Live (Spider-Man: Across the Spider-Verse) (Metro Boomin & Future, Lil Uzi Vert)",Metro Boomin
1.1170160542229646,-0.43448987156713503,-1.2696659595181332,0.18105423195262987,0.8337397382993762,1.7676076081709844,-0.9106952624786767,-0.2083027190726014,-0.4092755106519289,-1.6705566222270738,1.0200161137646113,The Hillbillies,Baby Keem
0.5748597259981734,0.8075150976043665,0.41380210127379524,0.53985716288024,-1.199415062114892,-0.40232628878119125,-0.1825416697956978,-0.2083027190726014,-0.8946785092214432,1.6788736364170431,0.6636455064161048,El Gordo Trae El Mando,Chino Pacas
0.21342217384831277,-0.01835418601998223,0.41380210127379524,0.8950648740590762,-1.199415062114892,-0.47180973640013235,-0.13770462591127786,-0.20811713610886484,-0.4286399919778404,-1.9018585789993099,-1.2440993209658433,Too Many Nights (feat. Don Toliver & with Future),Metro Boomin
0.16476711875121608,-1.7277115404982855,-1.5502439696501211,-0.9600685163081256,0.8337397382993762,-0.6927898812866006,1.942734210325805,-0.2083027190726014,0.3911230508190785,-1.0166837828901742,-1.425390808153696,Save Me,Jelly Roll
0.9015436673643942,0.3529668872374765,0.1332240911418072,1.1981418988806949,-1.199415062114892,-0.21324018542472878,-0.7645264994154679,-0.20617282176727048,-0.5706461883678577,-0.015858008394920395,1.6764440485268357,Yandel 150,Yandel
0.7972828350134726,-0.19121054770879956,-0.14735391899018085,0.07571429331356196,-1.199415062114892,0.5487995925600512,2.31488167456649,-0.20174858655582942,-0.09944380943734547,-0.2382637360605321,-0.988222886116147,BESO,ROSALÍA
0.19952072953485658,0.8651338848339722,-0.9890879493861451,1.1240803720559576,0.8337397382993762,-0.5287633819894283,-0.6102870684530635,-0.2079315531451283,-0.6868330763233266,0.9093498186940259,0.7998059743181293,I Wrote The Book,Morgan Wallen
-0.46774859751104125,-0.5049128337366532,0.1332240911418072,-0.34852163704172834,0.8337397382993762,0.44628303049931833,1.072895558968059,-0.15497698139133845,0.4233971863622643,-1.457047123668086,-1.4868566983875133,Hummingbird (Metro Boomin & James Blake),Metro Boomin
-0.9890527592656482,-0.9082443443438929,-0.14735391899018085,0.40863164205000174,0.8337397382993762,-0.3624587368686841,-0.22737871368011758,-0.2083027190726014,0.7913223315545822,-1.163471563149478,0.5749913746044281,vampire,Olivia Rodrigo
0.10221061934066314,0.5386274238662062,-0.14735391899018085,0.6131996457552222,-1.199415062114892,-0.6221673607558736,1.1805044642906668,-0.2081547225319001,-0.6758598702386435,1.1139630881463887,0.9463447494891205,Ella Baila Sola,Eslabon Armado
-0.09240960104772372,-0.4152836091572664,-1.2696659595181332,-0.29926712648352954,-1.199415062114892,2.462442084360395,1.2208578037866447,-0.20828337772574784,-0.2349951787187257,-0.8476554298643091,0.3579970486779078,,
0.3732887834530584,0.045666688679579744,-1.5502439696501211,0.9191528463758597,0.8337397382993762,-0.23943886239580486,-0.70175463797728,-0.2082623919728865,-1.008283466333457,0.2777175521236877,-0.14958988077971683,Flooded The Face,Lil Uzi Vert
-0.05070526810735511,0.39778149952716985,-0.14735391899018085,-0.08499202945662011,-1.199415062114892,-0.48889583007692106,-0.016644607423344185,-0.2083027190726014,1.4626243508528465,1.2874395557255662,0.6579812894207183,,
1.0544595548124125,0.21212096289844015,0.1332240911418072,1.1230018061313256,-1.199415062114892,-0.5982468296083693,-0.3484387321680514,-0.20801220734455808,2.4179387629311457,0.7136327783482872,-0.002868388931454698,Flowers,Miley Cyrus
0.8598393344240255,-0.4472940465070474,0.9749581215377714,0.8734935555664344,-1.199415062114892,-0.5481276214897889,-0.9819278740978546,-0.20786107860193717,-0.24145000582736287,-2.0575425883652385,-0.36888643683984623,,
-0.8013832610339894,0.6986796106151111,1.5361141418017474,1.551911522160022,-1.199415062114892,1.5284022966959412,-0.9344588957374192,-0.2083027190726014,0.5976775182954677,-0.1359571013343505,-1.7067379478149087,LADY GAGA,Peso Pluma
-0.9264962598550952,0.36577106217738886,0.1332240911418072,0.5549570858250892,-1.199415062114892,-0.36587595560404185,0.5483021455203465,-0.20039390922560057,0.7913223315545822,0.34888738497668365,1.8943154145042558,,
-0.06460671242081131,0.39137941205721366,0.6943801114057834,0.4079125981002471,0.8337397382993762,-0.5549620589605043,-0.7515237566889861,0.919289971984941,-0.17690173474099125,-0.7364525660315032,-1.2100409323226102,MOJABI GHOST,Tainy
0.9015436673643942,-0.5241190961465217,1.5361141418017474,-0.521451706957741,-1.199415062114892,-0.6233064336676596,0.9652866536454514,-0.2082702224776855,1.0236961074655198,0.6335667163886668,-0.07580888649786328,Aye (feat. Travis Scott),Lil Uzi Vert
1.825989714209231,-0.5817378833761275,-1.2696659595181332,-0.4261783836152392,0.8337397382993762,1.744826149935266,-0.15115573907660385,-0.2083027190726014,-0.7010336959623285,0.34443927042337136,0.694414994868468,Suicide Doors,Lil Uzi Vert
0.9154451116778504,1.2108466082116063,0.41380210127379524,0.8206438252594617,-1.199415062114892,0.01685254275602695,-0.5892136578273862,-0.2083027190726014,-0.6164754608391817,1.6833217509703553,0.2937904082850318,,
1.096163887752781,0.6218545609756367,0.9749581215377714,0.3327725053508777,-1.199415062114892,-0.47522695513549007,-0.9604195441464984,-0.2083027190726014,-0.6145390127065905,1.4208829923249335,0.2117871635260031,As It Was,Harry Styles
0.9084943895211223,-0.17840637276888716,1.5361141418017474,1.1704587068151378,0.8337397382993762,-0.44105476778191255,-0.5466184661371872,-0.2082941838223705,0.42985201347090146,0.03751936624482654,0.21376050364052473,Kill Bill,SZA
1.4297985512757292,-0.10158132312941279,1.5361141418017474,0.7519751280578851,0.8337397382993762,0.8107863622708124,-0.33498761900272545,-0.2083027190726014,-0.4415496461951147,0.3933685305098061,-0.8049580588137722,Cupid - Twin Ver.,FIFTY FIFTY
0.5401061152145328,-0.4408919590370912,-1.2696659595181332,0.672880293584865,0.8337397382993762,1.1638989649244473,-0.6847165613012005,-0.20824242418564903,-0.07362450100279683,-0.7586931387980644,0.3966233542529044,Sprinter,Dave
1.0127552218720437,0.8203192725442788,1.5361141418017474,0.6060092062576752,0.8337397382993762,-0.5777435171962227,0.9383844273147994,-0.1982796729298677,-0.11235346365461961,1.0116564534202075,-0.5512376807558684,SABOR FRESA,Fuerza Regida
0.4636481714905237,-0.2808397722881863,-0.42793192912216893,1.1988609428304495,-1.199415062114892,2.1548923981781973,2.0324082980946447,-0.2083027190726014,-0.6119570818631356,0.1042410845445102,2.1151833339889117,Mi Bello Angel,Natanael Cano
-0.28007909927938246,0.7883088351944979,0.41380210127379524,0.4737051195028048,-1.199415062114892,2.405488438771099,-0.902176224140637,-0.2083027190726014,0.5847678640781934,-1.1011979594031067,0.8375186965067729,,
0.6513176697221824,-0.2872418597581425,0.9749581215377714,-0.5850870965110345,-1.199415062114892,-0.5868561004905102,0.48553028408215865,-0.17627595444464758,-0.2220855245014514,0.9315903914605871,0.20926567337966923,"Rauw Alejandro: Bzrp Music Sessions, Vol. 56",Bizarrap
0.7069234469760073,-0.9722652190434549,-0.9890879493861451,0.903693401456133,0.8337397382993762,-0.34537264319189526,1.4046896837127665,-0.2083027190726014,-0.7739732422899283,1.5187415124978028,-1.1742284635775802,Classy 101,Feid
-1.3157367006318685,-1.6444844033888553,-1.5502439696501211,-0.8856474675085115,-1.199415062114892,-0.7087369020516034,-0.37534095849870325,-0.03603161349436574,-0.5874287388503144,-0.46511757827945654,-1.9939685644842338,,
0.13001350796757555,-0.20401472264871195,-0.14735391899018085,1.0234142190902955,0.8337397382993762,-0.643809746079806,-0.5452733548206546,-0.2083027190726014,-0.5706461883678577,-0.3983958599797729,-0.00407431900144046,Endless Fashion (feat. Nicki Minaj),Lil Uzi Vert
1.3463898853949918,-0.3320564720478359,-1.2696659595181332,0.04839062322288237,-1.199415062114892,0.028243271873886148,-0.4515639331022171,-0.2083027190726014,0.623496826730016,-1.6171792475873268,0.289003231340543,Calm Down (with Selena Gomez),Rema
-0.11326176751790804,-0.19761263517875574,-0.42793192912216893,0.11166649080129862,0.8337397382993762,-0.40916072625190675,-0.40224318482935517,-0.20828862416396318,-0.29954344980509734,-0.22491939240059539,-0.9166710352969946,TQG,KAROL G
1.1100653320662364,0.052068776149535936,-1.5502439696501211,1.180525322111704,0.8337397382993762,-0.5424322569308593,-0.5053683857635209,-0.2083027190726014,-0.5190075714987605,0.22434017748394078,-0.07606468984604225,Crush Em,Lil Uzi Vert
-0.09240960104772372,1.3901050573703797,1.2555361316697595,0.8062629462643671,-1.199415062114892,0.537408863442192,-0.9641858558327896,-0.2083027190726014,-0.3640917208914688,-0.5985610148788236,0.9487200662936378,LUNA,Peso Pluma
0.825085723640385,0.3593689747074327,1.5361141418017474,0.08074760096184515,-1.199415062114892,0.10683930278711444,-0.3036016882836315,-0.20746485505910725,0.5524937285350076,0.9004535895874014,0.5146217844342345,Sunflower - Spider-Man: Into the Spider-Verse,Post Malone
-0.16886754477173285,0.3785752371173013,0.41380210127379524,0.5164882345132111,0.8337397382993762,-0.5230680174304987,-0.9739154943557088,-0.2083027190726014,1.0882443785518914,-0.9855469810169887,-0.07643012320058304,I Wanna Be Yours,Arctic Monkeys
0.6930220026625511,0.026460426269711148,-0.14735391899018085,0.5251167619102679,0.8337397382993762,-0.26677661227866695,-0.6040098823092446,-0.208289877044731,-0.3770013751087431,-0.002513664734983661,-0.9532874574220151,,
0.8320364457971131,-0.8570276445842433,0.41380210127379524,-0.18889388019617842,-1.199415062114892,-0.6905117354630287,0.4944976928590426,-0.2083027190726014,-0.3899110293260174,1.5009490542845538,0.10537297068362696,Angels Like You,Miley Cyrus
-0.8291861496609018,0.16090426313879058,0.41380210127379524,0.648432799293204,-1.199415062114892,-0.6290017982265892,-0.9834209476592058,-0.20823843062820152,1.120518514095077,-2.3488940916071903,0.9163792144167484,fukumean,Gunna
1.144818942849877,-1.0490902686829293,-0.9890879493861451,-0.060544535164959126,-1.199415062114892,3.64707791261775,-0.048030538142438135,-0.2083027190726014,0.14583962069086653,-0.7453487951381277,0.2545063226718601,Anti-Hero,Taylor Swift
1.4019956626488168,0.026460426269711148,-1.2696659595181332,0.2177254733901212,0.8337397382993762,1.1525082358065881,-0.7300019756244646,-0.2080137734455179,1.443259869526935,1.194029150106009,-0.8428169543442329,,
0.8111842793269288,-0.6009441457859962,-1.5502439696501211,-0.5433825474252603,0.8337397382993762,1.8131705246424212,1.3419178222745785,-0.20730824496312705,0.2878458170808841,0.7536658093280973,0.8032045045153614,Los del Espacio,LIT killah
1.4576014399026416,1.8318490927973565,1.5361141418017474,1.9499023483492643,0.8337397382993762,-0.43991569487012655,1.2432763257288546,-0.16711426382980504,-0.665532146864824,0.010830678924953072,0.2932788015886738,x2,Lil Uzi Vert
0.9432480003047627,-0.15920011035901857,-1.5502439696501211,0.40144120255245463,0.8337397382993762,-0.18704150845365253,-0.8017412458395364,-0.20801768869791742,-0.7171707637339213,0.024175022584889804,-1.1728032734948697,AMG,Natanael Cano
0.4775496158039799,0.6922775231451549,-0.14735391899018085,0.33025585152673625,-1.199415062114892,-0.40346536169297714,1.6961304689614953,-0.19538238615423373,-0.41573033776056606,0.7936988403079076,-0.14969951078607918,Like Crazy,Jimin
-0.21057187771210145,0.8011130101344103,0.6943801114057834,0.9813501480296438,-1.199415062114892,-0.18818058136543847,-0.29911798389518945,-0.2083027190726014,1.1398829954209886,-0.14040521588766275,1.7470823159596363,,
0.8320364457971131,1.396507144840336,-1.2696659595181332,1.132349377478137,-1.199415062114892,-0.4501673510761998,-0.24082982684544357,-0.20827844450772448,1.5529919303737667,1.1495480045728865,0.2892224913532677,Blank Space,Taylor Swift
0.686071280505823,-0.05036462336976322,1.5361141418017474,0.6099639479813262,-1.199415062114892,-0.23488257074866123,-0.5497570592090966,-0.20817586489485743,-0.25435966004463717,-0.17154201776084846,0.361541752216956,Eres,Natanael Cano
0.3802395056097865,0.4041835869971261,-1.2696659595181332,1.0198189993415219,0.8337397382993762,-0.5037037779301381,-0.6537790010209508,-0.19561730129820404,-0.599692910356725,0.1042410845445102,-1.1001916659475477,Amped,Lil Uzi Vert
1.1378682206931487,1.1340215585721318,1.5361141418017474,1.2844271728512622,-1.199415062114892,-0.2861408517790275,-0.8277467312925,-0.2083027190726014,0.28139098997224693,1.3452650449186254,0.18003100501637925,,
1.4576014399026416,-0.0631687983096756,-0.708509939254157,1.071230641748985,-1.199415062114892,-0.2417170082193766,-0.7936705779403408,-0.2083027190726014,-0.8927420610888519,0.5223638525558607,0.3996199077601414,,
0.4288945607068832,-0.20401472264871195,1.2555361316697595,-0.2194532480607544,-1.199415062114892,-0.41371701789905047,-0.6770942638408491,-0.2083027190726014,-0.5725826365004489,-1.8440330898062507,-0.5893889229699619,I Gotta,Lil Uzi Vert
1.3811434961786324,1.3260841826708176,-0.14735391899018085,1.5587424396826919,-1.199415062114892,0.4348923013814591,-0.715205751142606,-0.20825229062169576,-0.7759096904225194,-0.12261275767441376,-0.9175480753478933,Popular (with Playboi Carti & Madonna) - Music from the HBO Original Series,The Weeknd
0.4984017822741642,0.44259611181686326,1.2555361316697595,0.969485922858691,-1.199415062114892,0.6854883419743613,0.1627035681143354,-0.2083027190726014,-0.613248047284863,-0.18488636142078518,-1.246620811112177,Barbie World (with Aqua) [From Barbie The Album],Nicki Minaj
-1.2809830898482284,-0.22322098505858054,1.2555361316697595,0.5394976409053625,-1.199415062114892,2.644693750246142,1.5436845197544677,-0.2083027190726014,-0.5060979172814862,-0.22047127784728313,1.83730781119584,Tá OK,DENNIS
1.0266566661854999,0.8139171850743226,-1.5502439696501211,0.5438119046038911,0.8337397382993762,0.13873334431712028,0.8352592263806338,-0.2083027190726014,-0.35118206667419444,0.3533354995299959,-0.44084026434899426,Copa Vacía,Shakira
0.6443669475654543,-1.0490902686829293,-1.2696659595181332,-0.594794189832723,0.8337397382993762,2.8952897908390445,1.1311837160178049,-0.2083027190726014,-0.6435857346954577,0.08644862633126123,-1.1009225326566303,,
1.3672420518651762,-0.3384585595177921,-0.708509939254157,0.20837790204330978,-1.199415062114892,1.0841638610994329,1.7992556698956612,-0.2083027190726014,-0.5783919808982224,-0.07368349758797957,-0.29236469239893464,Arena y Sal,Omar Montes
1.033607388342228,0.3465647997675203,0.6943801114057834,0.15301151791219533,-1.199415062114892,-0.39321370548690393,-0.8806544430761155,-0.2083027190726014,-0.44800447330375187,0.8826611313741525,-0.006303462464141067,,
0.2898801175723211,0.9035464096537087,0.41380210127379524,0.2080183800684323,0.8337397382993762,-0.5902733192258679,-0.7900836144295873,-0.2079996785368797,-0.6416492865628666,0.5979817999621688,0.2155511270777765,POLARIS - Remix,Saiko
1.0892131655960529,0.9035464096537087,1.2555361316697595,1.3592077436257541,-1.199415062114892,0.13873334431712028,0.05061095840328571,-0.2083027190726014,-0.8436853750632095,1.6655292927571064,-0.9899404228824901,BABY HELLO,Rauw Alejandro
0.6721698361923668,0.9995777217030517,-1.5502439696501211,1.1999395087550815,0.8337397382993762,-0.22235276871901608,-0.469498750655985,-0.2083027190726014,3.7218138388758515,0.46453836336280147,-0.6269189284813356,,
0.9710508889316751,0.39778149952716985,0.41380210127379524,1.3042008814695174,-1.199415062114892,-0.46611437184120275,-0.6165642545968822,-0.2083027190726014,-0.5125527443901234,0.32219869765681014,-0.3325258180630045,,
0.5470568373712609,0.6538649983254178,-1.2696659595181332,1.2923366562985643,-1.199415062114892,-0.5173726528715691,0.73661772983491,-0.2083027190726014,-0.454459300412389,-0.5718723275589501,-0.8074430056246518,No_se_ve.mp3,Emilia
1.9302505465601525,0.762700485314673,-1.5502439696501211,0.7965558529426782,-1.199415062114892,0.5146274052064735,-0.8156407294437066,-0.208266463835382,-0.7333078315055142,1.2118216083192581,-0.14958988077971683,LALA,Myke Towers
-0.585910874175419,0.5386274238662062,-1.5502439696501211,-0.028547079400873834,-1.199415062114892,1.3005877143387576,0.8307755219921918,-0.2083027190726014,-0.25435966004463717,-0.2382637360605321,0.7575618785331749,VAGABUNDO,Sebastian Yatra
0.8459378901105693,0.02005833879975495,0.6943801114057834,0.7832535398722158,-1.199415062114892,-0.4968693404594225,-0.8447848079685796,-0.167819009261716,-0.49318826306421193,0.509019508895924,0.07010865197040816,,
1.1100653320662364,0.7498963103747607,1.5361141418017474,-0.0062567169584771196,-1.199415062114892,0.2640313646135713,0.43172583142085474,-0.20701068578076465,-0.41573033776056606,-0.7987261697778744,-1.024291158209356,Clavaito,Chanel
1.1795725536335175,-0.37687108433752925,0.41380210127379524,0.9676883129843038,0.8337397382993762,0.674097612856502,-0.5188194989288469,-0.2083027190726014,-0.5448268799333092,-0.5051506092592668,-1.1379774748071003,El Cielo,Sky Rompiendo
1.096163887752781,-1.3691946421807388,0.9749581215377714,0.304370269335566,0.8337397382993762,-0.49459119463585066,0.9608029492570094,-0.2083027190726014,3.186063188858968,1.4030905341116846,0.03243247311721838,Chulo pt.2,Bad Gyal
0.9919030554018595,0.17370843807870298,0.41380210127379524,1.1801658001368265,-1.199415062114892,-0.491173975900493,-0.021128311811786177,-0.2083027190726014,-0.6055022547544985,-1.1501272194895413,-0.07697827323239476,Supernova,Saiko
0.4636481714905237,-0.9018422568739367,-0.42793192912216893,0.3600961754415576,-1.199415062114892,0.731051258445798,1.7185489909037055,-0.18160069770797488,-0.17044690763235407,-0.15374955954759947,1.5716012191089868,Si La Calle Llama - Remix,Eladio Carrion
1.8051375477390468,-0.5753357959061713,0.9749581215377714,0.5819212339408917,0.8337397382993762,1.5397930258138004,1.3508852310514625,-0.2078830040153744,0.7655030231200336,0.1932033756107551,-0.08110767013870947,EL TONTO,Lola Indigo
0.9015436673643942,1.2428570455613872,0.41380210127379524,1.4095408201085853,-1.199415062114892,-0.3271474766033206,-0.13322092152283588,-0.2083027190726014,-0.15108242630644259,0.638014830941979,-0.4427405177926078,Pacto (feat. Luar La L),Jay Wheeler
1.8537926028361433,0.141698000728922,0.1332240911418072,1.2675296400320262,-1.199415062114892,-0.15514746692364684,-0.16460685224192984,-0.2083027190726014,-0.25435966004463717,-0.17154201776084846,-0.5527725008449412,Antes,Rvfv
-0.49555148613795363,-1.6188760535090305,1.5361141418017474,-0.3765643510821629,-1.199415062114892,-0.4421938406936984,2.49422985010417,-0.2083027190726014,-0.5732281192113127,-1.2435376251090986,-1.8196568543681169,,
0.8737407787374817,0.8587317973640161,-0.708509939254157,1.259620156584724,-1.199415062114892,-0.5207898716069268,-0.523303203317289,-0.2083027190726014,-0.5254623986073977,-0.7764855970113134,-0.8430362143569576,Nochentera,Vicco
0.4914510601174361,-0.2744376848182301,-0.42793192912216893,0.8849982587625101,-1.199415062114892,-0.21893554998365838,0.13131763739524144,-0.2083027190726014,0.15874927490814084,1.6610811782037942,1.9727374123887809,LAS BABYS,Aitana
0.20647145169158468,0.5770399486859433,-0.9890879493861451,0.3187511483306606,0.8337397382993762,-0.49800841337120844,-0.7936705779403408,-0.2083027190726014,-0.5945290486698154,-1.9863727555122426,1.0179696869791814,Las Bratz (Remix),Aissa
-0.16191682261500476,-0.7738005074748128,-0.9890879493861451,-1.8818828598936888,0.8337397382993762,-0.21551833124830053,-0.9638719965255987,-0.2082725716291252,-0.37054654800010595,-1.2746744269822843,1.7521618395877572,LA BABY,Tainy
1.283833385984439,0.7434942229048045,0.1332240911418072,1.8981311839669237,-1.199415062114892,0.22985917725999372,0.9473518360916834,-0.2082766434916207,-0.028440711242336686,1.6833217509703553,-1.0658043872852276,PLAYA DEL INGLÉS,Quevedo
-0.46079787535431316,0.3721731496473451,0.6943801114057834,0.5729331845689574,0.8337397382993762,-0.5697700068137214,-0.9818112977837552,-0.2083027190726014,-0.6700505258408701,0.32219869765681014,-0.07873235333419222,Flow Violento - Remix,YoSoyPlex
0.9849523332451314,1.3773008824304673,1.5361141418017474,0.5988187667601277,-1.199415062114892,0.027104198962100198,-0.7474884227393884,-0.20644688943523584,-0.4867334359555748,-0.7231082223715665,-0.002539498912367672,Arranca (feat. Omega),Becky G
1.283833385984439,0.21852305036839634,-0.14735391899018085,0.7958368089929235,-1.199415062114892,0.8905214660958268,-0.19599278296102376,-0.2083027190726014,0.9978767990309714,1.674425521863731,-0.07705135990330333,,
